theta_rx_deg,voltage_gain,power_gain,gain_db,rx_power,tx_power,correlation
-90.0,0.133179966903153,0.01773690358432493,-17.511221947418786,0.011085564740203084,0.6250000000000001,1.0000000000000002
-89.75,0.13317177129885907,0.017734720670875625,-17.511756474543837,0.011084200419297266,0.6250000000000001,1.0
-89.5,0.13314717426359055,0.017728170014378947,-17.513360920175167,0.011080106258986843,0.6250000000000001,1.0
-89.25,0.13310614513965832,0.017717245873939788,-17.516037877938857,0.011073278671212368,0.6250000000000001,0.9999999999999998
-89.0,0.13304863286248,0.017701938706574993,-17.51979167341027,0.011063711691609373,0.6250000000000001,0.9999999999999998
-88.75,0.13297456600798108,0.017682235205010916,-17.52462836843064,0.011051397003131824,0.6250000000000001,0.9999999999999998
-88.5,0.13288385285905618,0.017658118350667294,-17.530555767188357,0.011036323969167062,0.6250000000000001,1.0000000000000002
-88.25,0.13277638149119353,0.01762956748189496,-17.537583424102937,0.011018479676184351,0.6250000000000001,1.0
-88.0,0.13265201987737807,0.017596558377548307,-17.54572265356207,0.010997848985967694,0.6250000000000001,1.0
-87.75,0.13251061601244746,0.017559063355998297,-17.554986541571694,0.010974414597498936,0.6250000000000001,1.0
-87.5,0.13235199805707054,0.017517051389698803,-17.56538995939316,0.010948157118561754,0.6250000000000001,1.0
-87.25,0.13217597450155633,0.01747048823543607,-17.57694957925318,0.010919055147147543,0.6250000000000001,1.0
-87.0,0.13198233434973755,0.01741933658040591,-17.589683892224645,0.010887085362753696,0.6250000000000001,1.0
-86.75,0.13177084732318436,0.017363556204269964,-17.60361322839081,0.010852222627668728,0.6250000000000001,1.0
-86.5,0.13154126408603056,0.017303104157350833,-17.618759779419715,0.010814440098344274,0.6250000000000001,1.0000000000000002
-86.25,0.131293316490728,0.01723793495513447,-17.635147623690123,0.010773709346959046,0.6250000000000001,1.0
-86.0,0.13102671784505587,0.01716800078924788,-17.65280275412724,0.010730000493279927,0.6250000000000001,1.0
-85.75,0.13074116320074192,0.01709325175508303,-17.671753108923156,0.010683282346926897,0.6250000000000001,1.0
-85.5,0.13043632966406543,0.017013636096232757,-17.69202860533598,0.010633522560145475,0.6250000000000001,1.0
-85.25,0.1301118767288428,0.016929100465901587,-17.71366117678073,0.010580687791188495,0.6250000000000001,0.9999999999999998
-85.0,0.12976744663220266,0.016839590205441565,-17.73668481344737,0.01052474387840098,0.6250000000000001,1.0
-84.75,0.12940266473357745,0.01674504964015065,-17.761135606704535,0.010465656025094156,0.6250000000000001,1.0
-84.5,0.12901713991736613,0.01664542239245723,-17.787051797571884,0.01040338899528577,0.6250000000000001,0.9999999999999998
-84.25,0.12861046501971501,0.01654065171258734,-17.81447382957323,0.010337907320367087,0.6250000000000001,1.0
-84.0,0.12818221727989526,0.016430680826790278,-17.843444406311505,0.010269175516743927,0.6250000000000001,1.0
-83.75,0.12773195881675425,0.016315453303165004,-17.87400855414058,0.010197158314478129,0.6250000000000001,0.9999999999999999
-83.5,0.12725923713073525,0.016194913435096707,-17.90621369034496,0.010121820896935443,0.6250000000000001,1.0000000000000002
-83.25,0.126763585631956,0.01606900664227024,-17.94010969727932,0.010043129151418901,0.6250000000000001,1.0
-83.0,0.12624452419485369,0.015937679889184996,-17.975749002963543,0.009961049930740625,0.6250000000000001,1.0
-82.75,0.12570155973990432,0.015800882121044735,-18.013186668678454,0.009875551325652961,0.6250000000000001,1.0
-82.5,0.12513418684290967,0.015658564716836226,-18.05248048416324,0.009786602948022643,0.6250000000000001,1.0
-82.25,0.12454188837236899,0.015510681959355618,-18.093691071074755,0.009694176224597261,0.6250000000000001,1.0
-82.0,0.1239241361554306,0.015357191521869703,-18.13688199543824,0.009598244701168566,0.6250000000000001,1.0
-81.75,0.12328039167291255,0.015198054971026725,-18.18211988989488,0.009498784356891705,0.6250000000000001,1.0
-81.5,0.12261010678388916,0.015033238285556702,-18.22947458663569,0.00939577392847294,0.6250000000000001,1.0
-81.25,0.12191272448030095,0.014862712390209771,-18.279019262008685,0.009289195243881108,0.6250000000000001,1.0
-81.0,0.12118767967206642,0.014686453704299381,-18.330830593891303,0.009179033565187115,0.6250000000000001,1.0
-80.75,0.12043440000311727,0.014504444704110853,-18.384988933043925,0.009065277940069283,0.6250000000000001,1.0
-80.5,0.11965230669879993,0.014316674498343684,-18.4415784897942,0.008947921561464805,0.6250000000000001,1.0000000000000002
-80.25,0.118840815445029,0.014123139415639445,-18.50068753755909,0.008826962134774654,0.6250000000000001,0.9999999999999999
-80.0,0.11799933729957048,0.013923843603137804,-18.562408634885607,0.008702402251961129,0.6250000000000001,1.0
-79.75,0.11712727963580777,0.01371879963488471,-18.626838867890342,0.008574249771802944,0.6250000000000001,0.9999999999999999
-79.5,0.11622404711928962,0.013508029128786852,-18.69408011520654,0.008442518205491785,0.6250000000000001,1.0
-79.25,0.11528904271735181,0.01329156337068337,-18.764239337804337,0.008307227106677108,0.6250000000000001,1.0000000000000002
-79.0,0.11432166874204305,0.013069443943965423,-18.83742889634809,0.00816840246497839,0.6250000000000001,1.0
-78.75,0.11332132792655085,0.012841723363036874,-18.913766899093712,0.008026077101898047,0.6250000000000001,1.0000000000000002
-78.5,0.11228742453529225,0.012608465708768953,-18.99337758371872,0.007880291067980596,0.6250000000000001,1.0
-78.25,0.11121936550775176,0.012369747263946882,-19.07639173692994,0.007731092039966803,0.6250000000000001,0.9999999999999999
-78.0,0.11011656163613287,0.01212565714656425,-19.162947156211164,0.0075785357166026565,0.6250000000000001,1.0000000000000002
-77.75,0.1089784287768094,0.011876297938662118,-19.253189158676854,0.007422686211663825,0.6250000000000001,1.0
-77.5,0.10780438909550837,0.011621786308255763,-19.347271142696908,0.007263616442659853,0.6250000000000001,1.0
-77.25,0.10659387234609838,0.011362253621736316,-19.44535520877168,0.007101408513585199,0.6250000000000001,1.0
-77.0,0.10534631718278584,0.011097846543976119,-19.547612847088374,0.006936154089985074,0.6250000000000001,1.0
-76.75,0.10406117250544233,0.010828727623207428,-19.65422570030554,0.006767954764504643,0.6250000000000001,1.0
-76.5,0.10273789883772938,0.010555075857591516,-19.76538641142206,0.006596922410994699,0.6250000000000001,1.0000000000000002
-76.25,0.10137596973759047,0.010277087240236859,-19.881299568134594,0.006423179525148037,0.6250000000000001,0.9999999999999999
-76.0,0.09997487323960222,0.009994975279274532,-20.002182756917307,0.006246859549546584,0.6250000000000001,1.0
-75.75,0.09853411332860591,0.009708971489454554,-20.128267742230715,0.006068107180909097,0.6250000000000001,0.9999999999999999
-75.5,0.09705321144391546,0.009419325851577363,-20.259801788861985,0.005887078657235852,0.6250000000000001,0.9999999999999999
-75.25,0.0955317080133425,0.009126307235946528,-20.397049148499864,0.005703942022466581,0.6250000000000001,0.9999999999999999
-75.0,0.09396916401615946,0.008830203785895878,-20.540292735380813,0.0055188773661849246,0.6250000000000001,0.9999999999999999
-74.75,0.0923651625740155,0.008531323257324313,-20.689836020348878,0.005332077035827697,0.6250000000000001,1.0
-74.5,0.09071931056873717,0.008229993310066987,-20.84600517813511,0.0051437458187918676,0.6250000000000001,1.0
-74.25,0.08903124028581288,0.007926561746830152,-21.009151529324825,0.004954101091768846,0.6250000000000001,1.0
-74.0,0.08730061108226427,0.007621396695336762,-21.179654326638545,0.004763372934585477,0.6250000000000001,1.0000000000000002
-73.75,0.08552711107748584,0.007314886729260601,-21.357923945199357,0.004571804205787876,0.6250000000000001,1.0
-73.5,0.08371045886551355,0.007007440923474837,-21.54440554890122,0.004379650577171773,0.6250000000000001,0.9999999999999998
-73.25,0.0818504052470623,0.0066994888391083245,-21.739583320489228,0.004187180524442703,0.6250000000000001,1.0
-73.0,0.07994673497955435,0.006391480433891098,-21.94398536238684,0.003994675271181937,0.6250000000000001,1.0000000000000002
-72.75,0.07799926854322074,0.006083885893277465,-22.158189399814106,0.0038024286832984166,0.6250000000000001,1.0
-72.5,0.07600786392123526,0.005777195377869017,-22.38282944887946,0.0036107471111681364,0.6250000000000001,0.9999999999999998
-72.25,0.07397241839170202,0.005471918682717015,-22.61860365218805,0.003419949176698135,0.6250000000000001,0.9999999999999998
-72.0,0.07189287032919062,0.005168584804169816,-22.866283535936297,0.0032303655026061358,0.6250000000000001,1.0
-71.75,0.06976920101336738,0.004867741410043664,-23.12672500937872,0.0030423383812772905,0.6250000000000001,1.0
-71.5,0.06760143644212963,0.004569954209039291,-23.400881515409132,0.0028562213806495574,0.6250000000000001,1.0000000000000002
-71.25,0.06538964914652443,0.004275806215505562,-23.68981985746629,0.0026723788846909776,0.6250000000000001,1.0
-71.0,0.06313396000457003,0.003985896905858648,-23.994739383991348,0.002491185566161655,0.6250000000000001,1.0
-70.75,0.060834540050966064,0.003700841263212594,-24.31699542299993,0.0023130257895078716,0.6250000000000001,0.9999999999999999
-70.5,0.058491612279544476,0.003421268707060558,-24.658128149085393,0.002138292941912849,0.6250000000000001,1.0
-70.25,0.05610545343513906,0.0031478219051625576,-25.019898467682186,0.001967388690726599,0.6250000000000001,1.0
-70.0,0.0536763957914448,0.0028811554651598332,-25.404333068568977,0.001800722165724896,0.6250000000000001,0.9999999999999999
-69.75,0.05120482891125784,0.0026219345038311867,-25.8137816122716,0.0016387090648944918,0.6250000000000001,1.0
-69.5,0.04869120138537203,0.002370833092350855,-26.250990194602394,0.0014817706827192844,0.6250000000000001,1.0
-69.25,0.046136022546248726,0.0021285325763879706,-26.71919698722799,0.0013303328602424819,0.6250000000000001,1.0
-69.0,0.04353986415243905,0.0018957197704128472,-27.22225860646723,0.0011848248565080296,0.6250000000000001,1.0
-68.75,0.04090336203960736,0.0016730850261431921,-27.76481987641018,0.0010456781413394952,0.6250000000000001,1.0
-68.5,0.03822721773385137,0.0014613201756712806,-28.352546195939997,0.0009133251097945505,0.6250000000000001,1.0
-68.25,0.035512200022898115,0.0012611163504663249,-28.99244843613709,0.0007881977190414531,0.6250000000000001,1.0000000000000002
-68.0,0.03275914648061806,0.0010731616781385908,-29.693348440788327,0.0006707260488366193,0.6250000000000001,1.0000000000000002
-67.75,0.02996896494016471,0.0008981388595848217,-30.466565126764465,0.0005613367872405136,0.6250000000000001,0.9999999999999999
-67.5,0.02714263491094593,0.0007367226299089007,-31.326959897166972,0.00046045164369306306,0.6250000000000001,0.9999999999999999
-67.25,0.02428120893448965,0.0005895771073203401,-32.294593880348124,0.00036848569207521256,0.6250000000000001,0.9999999999999999
-67.0,0.02138581387418456,0.0004573530350612649,-33.39748434528023,0.00028584564691329063,0.6250000000000001,1.0
-66.75,0.018457652133742987,0.00034068492229026706,-34.676470865995306,0.0002129280764314169,0.6250000000000001,0.9999999999999998
-66.5,0.015498002799162552,0.00024018809076285032,-36.19448530006385,0.00015011755672678147,0.6250000000000001,1.0000000000000002
-66.25,0.012508222698846938,0.0001564556350839498,-38.05608790192497,9.778477192746863e-05,0.6250000000000001,0.9999999999999999
-66.0,0.009489747376481082,9.005530526942958e-05,-40.454906972656616,5.628456579339349e-05,0.6250000000000001,1.0
-65.75,0.006444091971177401,4.1526321332993046e-05,-43.81676539767649,2.595395083312066e-05,0.6250000000000001,1.0
-65.5,0.003372851999338039,1.1376130609438608e-05,-49.44005430447567,7.110081630899131e-06,0.6250000000000001,1.0
-65.25,0.0002777040326355784,7.71195297420624e-08,-71.12835627329423,4.819970608878901e-08,0.6250000000000001,1.0
-65.0,0.0028395937335432275,8.063292571577966e-06,-50.93487581808404,5.039557857236229e-06,0.6250000000000001,1.0
-64.75,0.005977201026867426,3.572693211558502e-05,-44.4700427521867,2.232933257224064e-05,0.6250000000000001,0.9999999999999999
-64.5,0.00913319516575005,8.341525393568007e-05,-40.78754523770712,5.2134533709800054e-05,0.6250000000000001,1.0
-64.25,0.012305570853664773,0.00015142707403456397,-38.197964692704204,9.46419212716025e-05,0.6250000000000001,1.0
-64.0,0.015492240105800373,0.00024000950349576956,-36.19771561479823,0.00015000593968485598,0.6250000000000001,1.0
-63.75,0.018691032313734965,0.00034935468895308465,-34.56733423376335,0.0002183466805956779,0.6250000000000001,1.0
-63.5,0.021899694453788893,0.00047959661716931196,-33.191238888548455,0.00029974788573082,0.6250000000000001,1.0
-63.25,0.02511589144466038,0.0006308080030599645,-32.00102805414896,0.0003942550019124778,0.6250000000000001,0.9999999999999999
-63.0,0.028337206659881792,0.000802997281284849,-30.952859251135813,0.0005018733008030307,0.6250000000000001,1.0000000000000002
-62.75,0.03156114260056153,0.0009961057222529798,-30.016945650357275,0.0006225660764081125,0.6250000000000001,0.9999999999999999
-62.5,0.03478512173376569,0.0012100046940328982,-29.17212944899557,0.0007562529337705614,0.6250000000000001,1.0000000000000002
-62.25,0.03800648750179139,0.0014444930922238252,-28.402845306742307,0.0009028081826398909,0.6250000000000001,0.9999999999999998
-62.0,0.041222505507435586,0.0016992949603105573,-27.697312305971288,0.0010620593501940983,0.6250000000000001,1.0
-61.75,0.044430364880223075,0.00197405732338976,-27.046402402832037,0.0012337858271186,0.6250000000000001,1.0
-61.5,0.04762717982836952,0.002268348258403848,-26.442902676397757,0.0014177176615024053,0.6250000000000001,1.0
-61.25,0.050809991381078085,0.0025816552241452293,-25.881017575185368,0.0016135345150907685,0.6250000000000001,1.0
-61.0,0.05397576932554082,0.0029133836742839935,-25.356023177575025,0.0018208647964274966,0.6250000000000001,1.0000000000000002
-60.75,0.05712141434278935,0.0032628559765206207,-24.86402095682795,0.002039284985325388,0.6250000000000001,1.0
-60.5,0.060243760346286424,0.0036293106606607923,-24.401758555976755,0.0022683191629129956,0.6250000000000001,1.0
-60.25,0.06333957702686074,0.004011902017941625,-23.966496822286153,0.002507438761213516,0.6250000000000001,1.0
-60.0,0.06640557260729854,0.0044097000733031985,-23.555909481600544,0.0027560625458144996,0.6250000000000001,1.0
-59.75,0.06943839680958303,0.00482169095148511,-23.168006293724908,0.0030135568446781943,0.6250000000000001,1.0000000000000002
-59.5,0.07243464403742293,0.005246777656828169,-22.801073395482977,0.0032792360355176063,0.6250000000000001,1.0
-59.25,0.07539085677634541,0.005683781285471427,-22.45362642275252,0.003552363303419642,0.6250000000000001,1.0
-59.0,0.07830352921324937,0.006131442687250198,-22.124373268854253,0.003832151679531375,0.6250000000000001,1.0000000000000002
-58.75,0.08116911107688368,0.006588424593011481,-21.812184203614198,0.004117765370632177,0.6250000000000001,0.9999999999999998
-58.5,0.08398401170030026,0.007053314221276171,-21.516067681436898,0.004408321388297607,0.6250000000000001,1.0
-58.25,0.08674460430585879,0.007524626376180015,-21.235150594273705,0.00470289148511251,0.6250000000000001,1.0
-58.0,0.0894472305128869,0.008000807046425525,-20.968662032416457,0.005000504404015954,0.6250000000000001,0.9999999999999999
-57.75,0.09208820506759646,0.008480237512571698,-20.715919839514527,0.005300148445357312,0.6250000000000001,0.9999999999999999
-57.5,0.09466382079432584,0.008961238967380237,-20.47631941286765,0.0056007743546126485,0.6250000000000001,1.0000000000000002
-57.25,0.09717035376664597,0.009442077651135129,-20.249324322757836,0.005901298531959457,0.6250000000000001,1.0
-57.0,0.09960406869628292,0.009920970500853847,-20.034458417017262,0.006200606563033657,0.6250000000000001,1.0
-56.75,0.10196122453723586,0.010396091309132627,-19.831299147348666,0.0064975570682078935,0.6250000000000001,1.0
-56.5,0.10423808030185432,0.01086557738501583,-19.63947190791799,0.006790985865634893,0.6250000000000001,1.0
-56.25,0.10643090108502036,0.011327536705769388,-19.458645218579118,0.007079710441105868,0.6250000000000001,1.0
-56.0,0.10853596429192043,0.011780055544777027,-19.288526617786886,0.0073625347154856425,0.6250000000000001,1.0
-55.75,0.11054956606425419,0.012221206556994902,-19.128859156010144,0.007638254098121815,0.6250000000000001,1.0
-55.5,0.11246802789902291,0.012649057299495396,-18.979418400915595,0.007905660812184623,0.6250000000000001,1.0
-55.25,0.11428770345336856,0.013061679160645111,-18.84000988196814,0.008163549475403195,0.6250000000000001,1.0
-55.0,0.11600498552821387,0.013457156667401108,-18.710466915312402,0.008410722917125696,0.6250000000000001,1.0
-54.75,0.1176163132227426,0.013833597136110296,-18.59064876055911,0.008645998210068936,0.6250000000000001,1.0000000000000002
-54.5,0.11911817925102221,0.014189140628078658,-18.48043906993918,0.008868212892549162,0.6250000000000001,1.0
-54.25,0.12050713741133823,0.014521970167075153,-18.37974459762265,0.009076231354421972,0.6250000000000001,1.0
-54.0,0.1217798101980568,0.014830322171874738,-18.288494143156747,0.009268951357421713,0.6250000000000001,0.9999999999999999
-53.75,0.12293289654507954,0.015112497052963228,-18.20663770821457,0.00944531065810202,0.6250000000000001,1.0
-53.5,0.1239631796891999,0.015366869918656862,-18.134145850371286,0.00960429369916054,0.6250000000000001,1.0000000000000002
-53.25,0.1248675351409081,0.015591901332165922,-18.071009221607955,0.009744938332603701,0.6250000000000001,1.0
-53.0,0.12564293874943072,0.0157861480575932,-18.01723828282573,0.009866342535995751,0.6250000000000001,0.9999999999999999
-52.75,0.126286474848037,0.015948273729543886,-17.972863188956325,0.009967671080964928,0.6250000000000001,1.0
-52.5,0.12679534446488883,0.016077059377969813,-17.93793384238653,0.010048162111231137,0.6250000000000001,1.0000000000000002
-52.25,0.12716687358396306,0.016171413737119642,-17.912520115474308,0.01010713358569978,0.6250000000000001,0.9999999999999999
-52.0,0.12739852143983968,0.01623038326505729,-17.89671224601729,0.010143989540660807,0.6250000000000001,1.0000000000000002
-51.75,0.1274878888294258,0.01625316179818403,-17.890621412738458,0.010158226123865022,0.6250000000000001,0.9999999999999999
-51.5,0.12743272642296705,0.016239099763590763,-17.894380501281965,0.010149437352244228,0.6250000000000001,0.9999999999999999
-51.25,0.1272309430560108,0.016187712870921862,-17.908145074976776,0.010117320544326165,0.6250000000000001,0.9999999999999999
-51.0,0.12688061398331085,0.016098690204781937,-17.932094568858762,0.010061681377988714,0.6250000000000001,1.0
-50.75,0.12637998907500173,0.015971901638597557,-17.966433730297815,0.009982438524123474,0.6250000000000001,1.0
-50.5,0.12572750093476176,0.015807404491300518,-18.011394335240098,0.009879627807062825,0.6250000000000001,1.0
-50.25,0.1249217729190659,0.015605449349242665,-18.067237215781486,0.009753405843276669,0.6250000000000001,1.0
-50.0,0.12396162703608173,0.015366484977432628,-18.13425464282178,0.009604053110895395,0.6250000000000001,1.0
-49.75,0.12284609170221447,0.015091162246508888,-18.21277311728189,0.009431976404068057,0.6250000000000001,1.0
-49.5,0.12157440933382194,0.01478033700486769,-18.30315663526725,0.009237710628042309,0.6250000000000001,1.0
-49.25,0.12014604375116392,0.014435071829056595,-18.405810507243547,0.009021919893160374,0.6250000000000001,1.0
-49.0,0.11856068737123643,0.014056636589940061,-18.521185829557147,0.00878539786871254,0.6250000000000001,0.9999999999999999
-48.75,0.11681826816578235,0.013646507777252638,-18.649784729538105,0.0085290673607829,0.6250000000000001,1.0000000000000002
-48.5,0.11491895636045117,0.01320636653097528,-18.792166534380645,0.00825397908185955,0.6250000000000001,1.0
-48.25,0.11286317085082322,0.012738095334502111,-18.94895505089762,0.00796130958406382,0.6250000000000001,1.0000000000000002
-48.0,0.11065158531080493,0.012243773331794341,-19.120847190667114,0.007652358332371465,0.6250000000000001,1.0
-47.75,0.10828513396875492,0.0117256702386312,-19.308623236559626,0.007328543899144501,0.6250000000000001,0.9999999999999999
-47.5,0.10576501702661815,0.011186238826640828,-19.513159127044442,0.006991399266650519,0.6250000000000001,1.0
-47.25,0.10309270569731754,0.010628105967993729,-19.735441240881144,0.006642566229996082,0.6250000000000001,1.0
-47.0,0.1002699468357062,0.010054062238435347,-19.976584306530626,0.006283788899022094,0.6250000000000001,1.0
-46.75,0.09729876713849309,0.009467050086670701,-20.237853251846026,0.005916906304169189,0.6250000000000001,1.0000000000000002
-46.5,0.09418147688874576,0.008870150588945351,-20.520690070687415,0.005543844118090845,0.6250000000000001,0.9999999999999999
-46.25,0.09092067322083386,0.008266568818929655,-20.826747144156737,0.005166605511831035,0.6250000000000001,1.0
-46.0,0.08751924288202036,0.007659617874642071,-21.15792896042837,0.004787261171651295,0.6250000000000001,1.0
-45.75,0.08398036446731813,0.00705270161606359,-21.516444897890704,0.004407938510039744,0.6250000000000001,1.0
-45.5,0.08030751010474135,0.006449296179223135,-21.904876779473504,0.0040308101120144595,0.6250000000000001,0.9999999999999998
-45.25,0.07650444656864963,0.005852930344775366,-22.326266443566382,0.003658081465484604,0.6250000000000001,1.0
-45.0,0.07257523579955522,0.005267164851361041,-22.784230889111633,0.003291978032100651,0.6250000000000001,1.0
-44.75,0.06852423480951977,0.004695570756230201,-23.283116108066576,0.0029347317226438765,0.6250000000000001,1.0
-44.5,0.06435609495309913,0.004141706957612312,-23.82820632432944,0.002588566848507695,0.6250000000000001,1.0
-44.25,0.060075760544716736,0.003609097005026144,-24.426014448506063,0.00225568562814134,0.6250000000000001,1.0
-44.0,0.05568846680438158,0.0031012053350227093,-25.084694775824055,0.0019382533343891934,0.6250000000000001,1.0
-43.75,0.051199737114737985,0.0026214130806182785,-25.81464537810517,0.0016383831753864241,0.6250000000000001,1.0
-43.5,0.046615379573660014,0.0021729936127963994,-26.629415502240477,0.0013581210079977495,0.6250000000000001,1.0
-43.25,0.041941482827856286,0.0017590879817993637,-27.547124385104706,0.0010994299886246024,0.6250000000000001,0.9999999999999998
-43.0,0.03718441117433892,0.001382680434382301,-28.59278182595841,0.0008641752714889383,0.6250000000000001,0.9999999999999998
-42.75,0.032350798918055174,0.0010465741906364398,-29.802299795164608,0.0006541088691477749,0.6250000000000001,0.9999999999999998
-42.5,0.027447543975530217,0.0007533676702886651,-31.229930208682127,0.00047085479393041576,0.6250000000000001,0.9999999999999999
-42.25,0.022481800715993386,0.0005054313634336407,-32.96337812389303,0.00031589460214602553,0.6250000000000001,1.0
-42.0,0.017460972033169007,0.0003048855443431102,-35.15863166519657,0.0001905534652144439,0.6250000000000001,1.0
-41.75,0.012392700642711547,0.00015357902921986317,-38.13668081933853,9.598689326241452e-05,0.6250000000000001,1.0000000000000002
-41.5,0.007284859602129374,5.306917942273653e-05,-42.75157627556834,3.316823713921034e-05,0.6250000000000001,1.0
-41.25,0.0021455420519830935,4.603350696827824e-06,-53.36925938011642,2.8770941855173897e-06,0.6250000000000001,1.0
-41.0,0.003016949820817196,9.101986221328912e-06,-50.40863826268139,5.688741388330571e-06,0.6250000000000001,0.9999999999999999
-40.75,0.008194116594734915,6.714354676811012e-05,-41.729957214565665,4.196471673006884e-05,0.6250000000000001,1.0
-40.5,0.01337727419528128,0.00017895146489573844,-37.4726474212711,0.00011184466555983651,0.6250000000000001,0.9999999999999999
-40.25,0.01855756723939042,0.00034438330184449664,-34.629579143978326,0.00021523956365281045,0.6250000000000001,0.9999999999999998
-40.0,0.023725983132946833,0.0005629222756248776,-32.49551565357292,0.0003518264222655486,0.6250000000000001,1.0
-39.75,0.02887336690961734,0.0008336713166973857,-30.790051405856612,0.0005210445729358661,0.6250000000000001,1.0000000000000002
-39.5,0.033990436796757104,0.0011553497936343394,-29.372865088919887,0.0007220936210214622,0.6250000000000001,1.0000000000000002
-39.25,0.03906780049175261,0.0015262930352633855,-28.163620775342537,0.0009539331470396162,0.6250000000000001,1.0
-39.0,0.044095972129736795,0.0019444547580665242,-27.11202157196716,0.0012152842237915778,0.6250000000000001,0.9999999999999999
-38.75,0.04906538992111695,0.0024074124881112444,-26.18449490961956,0.0015046328050695279,0.6250000000000001,1.0
-38.5,0.05396643443488778,0.0029123760456150416,-25.3575254969158,0.001820235028509401,0.6250000000000001,1.0
-38.25,0.058789447501179336,0.0034561991374939213,-24.614012425174504,0.002160124460933701,0.6250000000000001,1.0
-38.0,0.06352475170398818,0.004035394079053349,-23.941140475586824,0.0025221212994083436,0.6250000000000001,0.9999999999999999
-37.75,0.0681626704325222,0.004646149640492635,-23.329068068057662,0.002903843525307897,0.6250000000000001,1.0
-37.5,0.0726935484570868,0.005284351987282826,-22.77008262018267,0.003302719992051767,0.6250000000000001,0.9999999999999998
-37.25,0.07710777299296181,0.0059456086559341315,-22.258036797529456,0.0037160054099588326,0.6250000000000001,1.0
-37.0,0.08139579521323961,0.006625275478395641,-21.7879605908779,0.004140797173997276,0.6250000000000001,1.0
-36.75,0.08554815216919356,0.007318486339563498,-21.355787334705344,0.004574053962227187,0.6250000000000001,1.0000000000000002
-36.5,0.08955548907433272,0.008020185623342928,-20.9581558006239,0.00501261601458933,0.6250000000000001,1.0
-36.25,0.09340858190599263,0.008725163173688533,-20.59226442332121,0.005453226983555335,0.6250000000000001,1.0
-36.0,0.09709836027601688,0.009428091568291174,-20.255762081364225,0.005892557230181984,0.6250000000000001,0.9999999999999999
-35.75,0.10061593051989828,0.010123565474385,-19.946665039846202,0.006327228421490625,0.6250000000000001,1.0
-35.5,0.10395259895161452,0.010806142828795207,-19.66329296527743,0.006753839267997006,0.6250000000000001,1.0
-35.25,0.10709989522936518,0.011470387558140999,-19.40421908034343,0.007168992223838124,0.6250000000000001,1.0
-35.0,0.11004959577547448,0.01211091353034533,-19.16823096640227,0.007569320956465833,0.6250000000000001,0.9999999999999999
-34.75,0.11279374719189739,0.01272242940558966,-18.954299502678275,0.007951518378493538,0.6250000000000001,0.9999999999999999
-34.5,0.1153246896110549,0.013299784033886153,-18.761554111872776,0.008312365021178847,0.6250000000000001,1.0
-34.25,0.1176350799201307,0.013838012027815537,-18.58926296249388,0.008648757517384711,0.6250000000000001,1.0
-34.0,0.11971791479551334,0.014332379122985793,-18.436817123086772,0.008957736951866122,0.6250000000000001,1.0
-33.75,0.12156655348276077,0.014778426925676935,-18.303717915066127,0.009236516828548084,0.6250000000000001,1.0
-33.5,0.12317474025629942,0.015172016637206829,-18.18956689733869,0.00948251039825427,0.6250000000000001,1.0000000000000002
-33.25,0.1245366264920821,0.015509371338028363,-18.09405805665352,0.009693357086267729,0.6250000000000001,1.0000000000000002
-33.0,0.125646792285599,0.01578711641166046,-18.016971886027594,0.009866947757287789,0.6250000000000001,1.0
-32.75,0.1265002675469873,0.016002317689459367,-17.958171119161314,0.010001448555912104,0.6250000000000001,1.0000000000000002
-32.5,0.12709255250451795,0.016152516902113653,-17.91759795838584,0.010095323063821035,0.6250000000000001,1.0000000000000002
-32.25,0.127419637547471,0.01623576403272888,-17.895272692559878,0.01014735252045555,0.6250000000000001,0.9999999999999999
-32.0,0.12747802233932964,0.016250646179546628,-17.891293653539122,0.010156653862216645,0.6250000000000001,1.0
-31.75,0.12726473413235892,0.016196312553780002,-17.905838508791618,0.010122695346112503,0.6250000000000001,0.9999999999999998
-31.5,0.12677734521497536,0.016072495259757034,-17.93916693652436,0.010045309537348147,0.6250000000000001,1.0
-31.25,0.12601398942386738,0.015879525530518558,-17.99162478140412,0.009924703456574101,0.6250000000000001,0.9999999999999999
-31.0,0.12497337765361133,0.015618345122152159,-18.06364984696374,0.0097614657013451,0.6250000000000001,1.0
-30.75,0.12365481229752327,0.015290512604335713,-18.155779549079714,0.009556570377709822,0.6250000000000001,1.0
-30.5,0.12205820055472154,0.014898204322656625,-18.268660738533207,0.009311377701660392,0.6250000000000001,1.0000000000000002
-30.25,0.12018406653983484,0.014444209850051447,-18.40306210631715,0.009027631156282157,0.6250000000000001,0.9999999999999999
-30.0,0.11803356213348264,0.013931921789918707,-18.559889722199795,0.008707451118699193,0.6250000000000001,1.0000000000000002
-29.75,0.11560847651358817,0.013365319841792869,-18.74020643801297,0.008353324901120543,0.6250000000000001,1.0
-29.5,0.11291124430973658,0.01274894909157302,-18.945256130763955,0.007968093182233139,0.6250000000000001,0.9999999999999999
-29.25,0.10994495232519791,0.012087892541790041,-19.17649409416471,0.007554932838618777,0.6250000000000001,0.9999999999999999
-29.0,0.10671334477385558,0.01138773795282377,-19.435625351106143,0.007117336220514857,0.6250000000000001,1.0
-28.75,0.10322082698214281,0.010654539122877461,-19.724653315640555,0.006659086951798414,0.6250000000000001,1.0
-28.5,0.09947246750918132,0.009894771792365132,-20.045942176737995,0.006184232370228209,0.6250000000000001,1.0000000000000002
-28.25,0.0954739986416222,0.009115284416620479,-20.402297758689322,0.0056970527603878,0.6250000000000001,1.0
-28.0,0.0912318152232275,0.008323244108925125,-20.797073679401006,0.005202027568078204,0.6250000000000001,1.0
-27.75,0.08675297178297262,0.007526078113177243,-21.234312784496133,0.0047037988207357774,0.6250000000000001,1.0
-27.5,0.0820451779294066,0.0067314112214679886,-21.718938776115483,0.004207132013417494,0.6250000000000001,1.0000000000000002
-27.25,0.07711679198316046,0.005946999605774042,-22.257020902900557,0.0037168747536087763,0.6250000000000001,1.0
-27.0,0.07197681282384007,0.005180661584278108,-22.85614776151563,0.0032379134901738185,0.6250000000000001,1.0
-26.75,0.0666348699320765,0.004440205890864753,-23.525968913283354,0.002775128681790471,0.6250000000000001,1.0
-26.5,0.061101211612199474,0.00373335806047878,-24.27900355577894,0.0023333487877992376,0.6250000000000001,1.0
-26.25,0.0553866913858754,0.0030676855826742046,-25.13189154731885,0.001917303489171378,0.6250000000000001,1.0000000000000002
-26.0,0.049502752552065155,0.002450522510230993,-26.10741303751553,0.0015315765688943708,0.6250000000000001,1.0
-25.75,0.043461410913809354,0.0018888942386189869,-27.23792358049596,0.0011805588991368667,0.6250000000000001,1.0
-25.5,0.03727523567763359,0.0013894431948231283,-28.571592039633657,0.0008684019967644551,0.6250000000000001,0.9999999999999998
-25.25,0.030957328536750747,0.0009583561901323222,-30.184730476453527,0.0005989726188327015,0.6250000000000001,1.0
-25.0,0.024521300954730776,0.0006012942005124805,-32.20912984908158,0.0003758088753203004,0.6250000000000001,1.0
-24.75,0.01798124967186847,0.0003233253397620699,-34.90360257381677,0.00020207833735129372,0.6250000000000001,1.0
-24.5,0.011351730462117536,0.0001288617844845672,-38.898758588158834,8.053861530285452e-05,0.6250000000000001,1.0000000000000002
-24.25,0.004647730174128735,2.1601395771506722e-05,-46.65518186058377,1.3500872357191702e-05,0.6250000000000001,1.0
-24.0,0.002115362904357314,4.47476021713101e-06,-53.49230231670285,2.7967251357068817e-06,0.6250000000000001,1.0
-23.75,0.0089217903137912,7.959834240325849e-05,-40.99095976139387,4.974896400203656e-05,0.6250000000000001,1.0
-23.5,0.015755456271096605,0.0002482344023104373,-36.05138030660671,0.00015514650144402334,0.6250000000000001,0.9999999999999999
-23.25,0.02259996204258187,0.0005107582843261412,-32.91784580529188,0.0003192239277038383,0.6250000000000001,0.9999999999999999
-23.0,0.029438641779480412,0.0008666336298205696,-30.62164462125879,0.000541646018637856,0.6250000000000001,1.0
-22.75,0.036254599748535246,0.001314396002926492,-28.81273770258941,0.0008214975018290577,0.6250000000000001,1.0
-22.5,0.04303074888455919,0.0018516453495659921,-27.324421912370966,0.001157278343478745,0.6250000000000001,1.0
-22.25,0.04974985058651366,0.002475047633380434,-26.0641643846164,0.0015469047708627714,0.6250000000000001,1.0
-22.0,0.056394555673385624,0.0031803459095985907,-24.975256415061565,0.0019877161934991196,0.6250000000000001,1.0
-21.75,0.06294744641103288,0.003962381009669856,-24.02043766444779,0.0024764881310436605,0.6250000000000001,1.0
-21.5,0.0693910795162111,0.004815121916425131,-23.173927122859933,0.003009451197765707,0.6250000000000001,1.0
-21.25,0.07570803003923464,0.005731705812421654,-22.41716108456252,0.0035823161327635344,0.6250000000000001,0.9999999999999998
-21.0,0.08188093602216166,0.006704487683865331,-21.736344026850084,0.004190304802415833,0.6250000000000001,0.9999999999999998
-20.75,0.08789254382505782,0.007725099260039709,-21.12095931604025,0.004828187037524819,0.6250000000000001,1.0
-20.5,0.09372575400880011,0.008784516964518109,-20.562821141245013,0.005490323102823819,0.6250000000000001,0.9999999999999999
-20.25,0.09936366765905143,0.009873138450658422,-20.0554477284767,0.006170711531661515,0.6250000000000001,1.0
-20.0,0.10478963303249117,0.010980867191084164,-19.59363361030647,0.006863041994427603,0.6250000000000001,1.0
-19.75,0.10998729240312617,0.012097204490170776,-19.17314978010881,0.007560752806356736,0.6250000000000001,0.9999999999999999
-19.5,0.11494062898357577,0.013211348191140017,-18.79052861257805,0.008257092619462511,0.6250000000000001,0.9999999999999999
-19.25,0.11963401379361834,0.014312297256371662,-18.442906523553503,0.00894518578523229,0.6250000000000001,0.9999999999999999
-19.0,0.124052252346017,0.015388961312119878,-18.127906921657882,0.009618100820074924,0.6250000000000001,1.0
-18.75,0.12818063101775615,0.01643027416811015,-17.843551895348774,0.010268921355068844,0.6250000000000001,1.0
-18.5,0.13200496297327785,0.017425310249576456,-17.588194807490595,0.010890818905985287,0.6250000000000001,0.9999999999999998
-18.25,0.13551163350518056,0.018363402815242374,-17.360468390960634,0.011477126759526486,0.6250000000000001,1.0
-18.0,0.13868764465708827,0.019234262780530784,-17.15924454872277,0.012021414237831742,0.6250000000000001,0.9999999999999998
-17.75,0.14152065899306798,0.020028096921832234,-16.98360315589732,0.012517560576145148,0.6250000000000001,1.0
-17.5,0.14399904237805178,0.02073572420579595,-16.832807920777054,0.012959827628622472,0.6250000000000001,1.0000000000000002
-17.25,0.14611190563421927,0.021348688968063,-16.70628790026228,0.013342930605039376,0.6250000000000001,1.0
-17.0,0.14784914493923346,0.02185936965926246,-16.603623655999936,0.01366210603703904,0.6250000000000001,0.9999999999999998
-16.75,0.14920148083358326,0.022261081882934113,-16.524537328867225,0.013913176176833821,0.6250000000000001,1.0
-16.5,0.15016049570609652,0.022548174470700632,-16.46888613404387,0.014092609044187894,0.6250000000000001,1.0
-16.25,0.1507186696289208,0.022716117374711773,-16.43665895972997,0.014197573359194861,0.6250000000000001,1.0
-16.0,0.15086941441595908,0.0227615802062144,-16.427975906505797,0.014225987628884003,0.6250000000000001,1.0
-15.75,0.1506071057818596,0.022682500311988246,-16.443090744771453,0.014176562694992656,0.6250000000000001,1.0
-15.5,0.14992711348221957,0.022478139357110346,-16.482396406289098,0.014048837098193967,0.6250000000000001,1.0
-15.25,0.14882582931963861,0.022149127472678203,-16.5464337739869,0.01384320467042388,0.6250000000000001,1.0000000000000002
-15.0,0.14730069290467562,0.021697494130197555,-16.63590420449574,0.013560933831373473,0.6250000000000001,1.0000000000000002
-14.75,0.145350215065577,0.021126685019609483,-16.75168642589663,0.013204178137255931,0.6250000000000001,1.0
-14.5,0.14297399880588568,0.0204415643345454,-16.894858719490333,0.012775977709090877,0.6250000000000001,1.0000000000000002
-14.25,0.1401727577146603,0.01964840200533286,-17.066727648044136,0.012280251253333041,0.6250000000000001,1.0
-14.0,0.13694833174004983,0.018754845566382742,-17.268865076233055,0.011721778478989215,0.6250000000000001,1.0
-13.75,0.13330370024334595,0.017769876498567833,-17.503155905501785,0.011106172811604897,0.6250000000000001,1.0
-13.5,0.12924299225737518,0.01670375104763994,-17.771859913455717,0.010439844404774965,0.6250000000000001,1.0
-13.25,0.12477149388015671,0.015567925685085983,-18.07769250215119,0.00972995355317874,0.6250000000000001,1.0
-13.0,0.1198956527421475,0.014374967546465622,-18.423931271188057,0.008984354716541014,0.6250000000000001,1.0
-12.75,0.11462307949308026,0.013138450352476997,-18.814558557089708,0.008211531470298123,0.6250000000000001,1.0
-12.5,0.10896254626236496,0.011872836487978024,-19.254455132345726,0.007420522804986265,0.6250000000000001,1.0
-12.25,0.10292398205524259,0.010593346082107897,-19.749668391875925,0.006620841301317437,0.6250000000000001,1.0
-12.0,0.09651846505532993,0.009315814096636945,-20.307791866906328,0.005822383810398092,0.6250000000000001,0.9999999999999999
-11.75,0.08975821181284604,0.008056536587839735,-20.93851616265608,0.005035335367399835,0.6250000000000001,1.0
-11.5,0.08265656330664709,0.006832107457665757,-21.654453115368106,0.004270067161041099,0.6250000000000001,1.0
-11.25,0.07522796787718095,0.005659247150930169,-22.47241339119746,0.003537029469331356,0.6250000000000001,1.0000000000000002
-11.0,0.0674879610365816,0.004554624884875156,-23.415473853511802,0.002846640553046973,0.6250000000000001,1.0
-10.75,0.059453142171332504,0.0035346761140446752,-24.516503748875806,0.0022091725712779227,0.6250000000000001,0.9999999999999999
-10.5,0.05114114816219627,0.0026154170353477105,-25.824590518407717,0.0016346356470923196,0.6250000000000001,0.9999999999999999
-10.25,0.04257062395541969,0.0018122580239537528,-27.41779968689192,0.0011326612649710957,0.6250000000000001,1.0
-10.0,0.03376119012853296,0.0011398179588949513,-29.431645045936897,0.0007123862243093447,0.6250000000000001,1.0
-9.75,0.024733407503352817,0.0006117414467269094,-32.13432094171145,0.0003823384042043184,0.6250000000000001,1.0000000000000002
-9.5,0.015508738868030711,0.0002405209812767665,-36.1884703298962,0.0001503256132979791,0.6250000000000001,1.0
-9.25,0.0061095078791282426,3.732608652513008e-05,-44.27987541539963,2.3328804078206305e-05,0.6250000000000001,0.9999999999999999
-9.0,0.0034411447762692365,1.1841477371245054e-05,-49.265941106069235,7.400923357028159e-06,0.6250000000000001,0.9999999999999999
-8.75,0.013119307869521604,0.0001721162389752915,-37.64178152539071,0.0001075726493595572,0.6250000000000001,0.9999999999999999
-8.5,0.02290034867290945,0.0005244259693408256,-32.80315810379807,0.000327766230838016,0.6250000000000001,1.0
-8.25,0.032758964449565275,0.0010731497518078816,-29.693396705355568,0.000670718594879926,0.6250000000000001,1.0
-8.0,0.04266923627657017,0.0018206637244257717,-27.397702607467885,0.0011379148277661075,0.6250000000000001,1.0
-7.75,0.05260468507896386,0.002767252892256963,-25.579511499689026,0.001729533057660602,0.6250000000000001,1.0
-7.5,0.06253832974475632,0.0039110426872638725,-24.07707443893951,0.0024444016795399206,0.6250000000000001,1.0
-7.25,0.07244274718369491,0.005247951619520737,-22.80010177342767,0.003279969762200461,0.6250000000000001,1.0
-7.0,0.08229013418557138,0.0067716661842793435,-21.69304458994691,0.004232291365174589,0.6250000000000001,1.0
-6.75,0.09205237092726122,0.008473638993330087,-20.719300424054072,0.005296024370831305,0.6250000000000001,0.9999999999999999
-6.5,0.10170108597151156,0.010343110887784786,-19.85348819249557,0.006464444304865492,0.6250000000000001,1.0
-6.25,0.11120772259474644,0.012367157564710077,-19.077301060145782,0.0077294734779438,0.6250000000000001,0.9999999999999999
-6.0,0.1205436062758686,0.014530761013991629,-18.37711639967472,0.009081725633744769,0.6250000000000001,1.0
-5.75,0.12968001317322758,0.01681690581660848,-17.742539080855888,0.010510566135380301,0.6250000000000001,1.0
-5.5,0.1385882394126072,0.019206700103486133,-17.16547244714167,0.012004187564678834,0.6250000000000001,1.0000000000000002
-5.25,0.1472396710052884,0.021679520717745565,-16.639503232378573,0.01354970044859098,0.6250000000000001,1.0
-5.0,0.15560585421197837,0.024213181865039467,-16.159481359763184,0.015133238665649671,0.6250000000000001,1.0000000000000002
-4.75,0.16365856616567337,0.02678412627940409,-15.721225161092097,0.016740078924627557,0.6250000000000001,1.0
-4.5,0.17136988556436716,0.029367637678344296,-15.32130986555909,0.018354773548965187,0.6250000000000001,1.0
-4.25,0.17871226324292389,0.03193807303340812,-14.95691290332891,0.019961295645880082,0.6250000000000001,0.9999999999999999
-4.0,0.18565859243242838,0.034469112943990556,-14.625698929334241,0.0215431955899941,0.6250000000000001,1.0
-3.75,0.19218227851490013,0.03693402817517864,-14.325733238451047,0.023083767609486657,0.6250000000000001,1.0
-3.5,0.19825730808142922,0.03930596020769474,-14.055415898523387,0.024566225129809213,0.6250000000000001,1.0000000000000002
-3.25,0.20385831710255325,0.04155821345188516,-13.813431306207562,0.02597388340742823,0.6250000000000001,0.9999999999999999
-3.0,0.20896065802105573,0.043664556600592604,-13.59870945602694,0.027290347875370376,0.6250000000000001,1.0000000000000002
-2.75,0.2135404655793172,0.04559953043983155,-13.410396294504782,0.02849970652489472,0.6250000000000001,1.0000000000000002
-2.5,0.21757472119589574,0.04733875930347176,-13.247831286358524,0.02958672456466986,0.6250000000000001,1.0000000000000002
-2.25,0.22104131570914298,0.04885926325042902,-13.110530860462823,0.03053703953151814,0.6250000000000001,1.0
-2.0,0.22391911030936612,0.05013976796173807,-12.998176802136603,0.0313373549760863,0.6250000000000001,1.0
-1.75,0.22618799548532642,0.05116100930167004,-12.910608963704336,0.031975630813543786,0.6250000000000001,1.0
-1.5,0.2278289478156911,0.0519060294628049,-12.847821910854238,0.03244126841425307,0.6250000000000001,1.0
-1.25,0.2288240844414336,0.05236046162046033,-12.809965332760772,0.03272528851278771,0.6250000000000001,1.0
-1.0,0.22915671506107704,0.05251280005758365,-12.797348238927896,0.03282050003598979,0.6250000000000001,0.9999999999999999
-0.75,0.2288113912970858,0.052354652787308116,-12.810447162762324,0.032721657992067575,0.6250000000000001,1.0
-0.5,0.2277739532886138,0.05188097379672362,-12.849918808806613,0.03242560862295227,0.6250000000000001,1.0
-0.25,0.2260315733731833,0.051090272161556746,-12.916617837936133,0.03193142010097297,0.6250000000000001,1.0
0.0,0.2235727967276891,0.04998479543664059,-13.011620809073186,0.03124049714790037,0.6250000000000001,1.0
0.25,0.22038757884735316,0.04857068491019831,-13.136257723634374,0.030356678068873943,0.6250000000000001,1.0
0.5,0.2164673197498943,0.04685810051970298,-13.292153203171901,0.029286312824814368,0.6250000000000001,1.0
0.75,0.21180489480116904,0.04486131346173428,-13.481280151749699,0.028038320913583933,0.6250000000000001,0.9999999999999999
1.0,0.20639468206788564,0.042598764785903596,-13.706029937245932,0.02662422799118975,0.6250000000000001,1.0
1.25,0.2002325861126339,0.04009308854135335,-13.969304869073449,0.025058180338345847,0.6250000000000001,1.0
1.5,0.19331605815640307,0.03737109834112982,-14.274641379950971,0.02335693646320614,0.6250000000000001,1.0
1.75,0.18564411254392443,0.03446373652222128,-14.626376385824027,0.021539835326388302,0.6250000000000001,1.0000000000000002
2.0,0.17721733945756155,0.0314059854044166,-15.029875754811574,0.019628740877760377,0.6250000000000001,1.0
2.25,0.1680379138360262,0.028236740486363765,-15.491854375949911,0.017647962803977357,0.6250000000000001,1.0
2.5,0.15810960046490474,0.024998645759171805,-16.020835175379254,0.01562415359948238,0.6250000000000001,1.0
2.75,0.14743775521678798,0.02173789166336549,-16.627825799998803,0.013586182289603434,0.6250000000000001,1.0
3.0,0.13602932242968457,0.01850397656067909,-17.327349303657435,0.01156498535042443,0.6250000000000001,1.0000000000000002
3.25,0.12389282842331882,0.015349432934729916,-18.13907664347495,0.009593395584206198,0.6250000000000001,1.0
3.5,0.1110383711638376,0.01232951987071816,-19.090538351283264,0.007705949919198851,0.6250000000000001,1.0
3.75,0.09747760609834041,0.009501883690663212,-20.221902899357897,0.00593867730666451,0.6250000000000001,1.0
4.0,0.08322372819146785,0.006926188934087321,-21.595056658456933,0.004328868083804576,0.6250000000000001,1.0
4.25,0.06829145020699652,0.004663722171374685,-23.312673293967265,0.0029148263571091783,0.6250000000000001,1.0
4.5,0.052696977287966434,0.0027769714152884504,-25.564285906301475,0.0017356071345552815,0.6250000000000001,0.9999999999999999
4.75,0.03645797789926583,0.0013291841525033558,-28.76414845335979,0.0008307400953145974,0.6250000000000001,1.0
5.0,0.019593551206793708,0.00038390724889324717,-34.157736875058944,0.00023994203055827953,0.6250000000000001,1.0000000000000002
5.25,0.0021241909772718864,4.512187307923292e-06,-53.45612880410117,2.8201170674520578e-06,0.6250000000000001,0.9999999999999998
5.5,0.015928253907538492,0.00025370927254301525,-35.95663659933672,0.00015856829533938453,0.6250000000000001,0.9999999999999999
5.75,0.03454062221908691,0.0011930545832816801,-29.233396865260012,0.0007456591145510503,0.6250000000000001,1.0
6.0,0.05368848632057088,0.002882453563394127,-25.402376805030414,0.0018015334771213293,0.6250000000000001,1.0000000000000002
6.25,0.07334620115490494,0.005379665223855778,-22.692447496042174,0.0033622907649098616,0.6250000000000001,1.0
6.5,0.09348695615296235,0.008739810970745904,-20.584979604147684,0.005462381856716191,0.6250000000000001,1.0
6.75,0.11408282992505643,0.01301489208370935,-18.855594286030623,0.008134307552318344,0.6250000000000001,0.9999999999999999
7.0,0.1351048475911801,0.018253319842636003,-17.38658136236759,0.011408324901647504,0.6250000000000001,1.0
7.25,0.1565230405985405,0.024499462238212356,-16.108434482697575,0.015312163898882725,0.6250000000000001,1.0
7.5,0.178306508868426,0.03179321110484608,-14.97665606256735,0.0198707569405288,0.6250000000000001,1.0
7.75,0.20042348510843547,0.040169573383011255,-13.961027806255096,0.025105983364382037,0.6250000000000001,1.0
8.0,0.2228414011206205,0.049658290053401284,-13.040082391342096,0.031036431283375805,0.6250000000000001,1.0
8.25,0.24552695593113552,0.06028348608880976,-12.198016411391412,0.037677178805506105,0.6250000000000001,0.9999999999999999
8.5,0.26844618556258404,0.07206335454310131,-11.422855253712447,0.04503959658943832,0.6250000000000001,1.0000000000000002
8.75,0.2915645342664005,0.08500987764198303,-10.705306089189676,0.05313117352623941,0.6250000000000001,1.0
9.0,0.31484692702932243,0.09912858745980749,-10.038010822891607,0.06195536716237969,0.6250000000000001,1.0
9.25,0.3382578431652973,0.11441836846283886,-9.415042493044703,0.07151148028927429,0.6250000000000001,1.0
9.5,0.3617613908020382,0.130871303875025,-8.831555706758392,0.08179456492189063,0.6250000000000001,1.0
9.75,0.3853213820698928,0.1484725674802523,-8.283537813131572,0.0927953546751577,0.6250000000000001,1.0
10.0,0.4089014087997238,0.16720036211839884,-7.767627863117625,0.10450022632399929,0.6250000000000001,1.0000000000000002
10.25,0.43246491853611296,0.18702590576444683,-7.280982332960189,0.11689119110277929,0.6250000000000001,0.9999999999999999
10.5,0.45597529067240367,0.20791346570378302,-6.821173822824525,0.12994591606486441,0.6250000000000001,1.0
10.75,0.4793959125148598,0.2298204409359551,-6.386113464445675,0.14363777558497198,0.6250000000000001,1.0
11.0,0.5026902550845623,0.2526974925569824,-5.973990674353246,0.15793593284811397,0.6250000000000001,1.0
11.25,0.5258219484675597,0.276488721490221,-5.583225797099635,0.17280545093138816,0.6250000000000001,0.9999999999999998
11.5,0.5487548565262398,0.30113189256113404,-5.212432463808691,0.1882074328507088,0.6250000000000001,1.0000000000000002
11.75,0.5714531507878671,0.32655870354538075,-4.8603873679570695,0.204099189715863,0.6250000000000001,1.0
12.0,0.5938813833297438,0.35269509746565014,-4.526005770731205,0.22043443591603137,0.6250000000000001,1.0000000000000002
12.25,0.616004558484456,0.3794616160736296,-4.208321480175127,0.23716351004601854,0.6250000000000001,1.0
12.5,0.6377882031931765,0.40677379213238063,-3.9064703583518945,0.2542336200827379,0.6250000000000001,1.0000000000000002
12.75,0.6591984358399623,0.43454257781385286,-3.619676636257621,0.27158911113365813,0.6250000000000001,1.0
13.0,0.6802020334054112,0.4626748062488561,-3.347241482307934,0.2891717539055351,0.6250000000000001,1.0
13.25,0.700766496783892,0.49107368301476856,-3.0885333939255326,0.3069210518842304,0.6250000000000001,1.0
13.5,0.72086011411482,0.5196393041216313,-2.842980074882009,0.3247745650760196,0.6250000000000001,1.0
13.75,0.740452021985089,0.5482691968618066,-2.6100615318405533,0.3426682480386292,0.6250000000000001,1.0
14.0,0.7595122643667674,0.5768588797235344,-2.3893041778591355,0.3605367998272091,0.6250000000000001,1.0
14.25,0.7780118491614956,0.6053024374356898,-2.1802757726415583,0.37831402339730613,0.6250000000000001,1.0
14.5,0.7959228022306457,0.6334931071106835,-1.9825810621081685,0.3959331919441773,0.6250000000000001,0.9999999999999999
14.75,0.8132182187982226,0.6613238713853539,-1.7958580056257962,0.4133274196158463,0.6250000000000001,1.0
15.0,0.8298723121216341,0.6886880544261069,-1.6197744996344965,0.43043003401631696,0.6250000000000001,1.0
15.25,0.8458604593338386,0.7154799166644524,-1.4540255226649506,0.44717494791528284,0.6250000000000001,1.0
15.5,0.8611592443689383,0.7415952441620808,-1.298330639778904,0.46349702760130057,0.6250000000000001,1.0
15.75,0.8757464978920276,0.7669319285701511,-1.1524318149860693,0.47933245535634456,0.6250000000000001,1.0
16.0,0.8896013341629518,0.7913905337445039,-1.0160914887301606,0.494619083590315,0.6250000000000001,1.0
16.25,0.902704184772603,0.8148748452059696,-0.8890908845054428,0.5092967782537311,0.6250000000000001,0.9999999999999998
16.5,0.9150368291994105,0.8372923987913112,-0.7712285143827737,0.5233077492445696,0.6250000000000001,1.0
16.75,0.9265824221427676,0.8585549850239581,-0.6623188579391587,0.5365968656399738,0.6250000000000001,1.0
17.0,0.9373255175992207,0.878579125942647,-0.5621911929926136,0.5491119537141544,0.6250000000000001,1.0
17.25,0.9472520896563319,0.8972865213582875,-0.47068855979861857,0.5608040758489297,0.6250000000000001,1.0000000000000002
17.5,0.9563495499881618,0.9146044617625596,-0.38766684308788946,0.5716277886015998,0.6250000000000001,0.9999999999999999
17.75,0.9646067620452781,0.9304662053834757,-0.3129939586153546,0.5815413783646725,0.6250000000000001,1.0
18.0,0.9720140519410707,0.9448113171708985,-0.24654913282522734,0.5905070732318116,0.6250000000000001,1.0
18.25,0.9785632160448923,0.9575859677961225,-0.18822226588031957,0.5984912298725767,0.6250000000000001,0.9999999999999999
18.5,0.9842475253011373,0.968743191061413,-0.13791336970637721,0.6054644944133832,0.6250000000000001,1.0000000000000002
18.75,0.9890617263017982,0.9782430984350933,-0.09553207390613286,0.6114019365219333,0.6250000000000001,1.0
19.0,0.9930020391482459,0.9860530497525746,-0.0609971934373572,0.6162831560953592,0.6250000000000001,1.0
19.25,0.9960661521460004,0.9921477794509391,-0.03423635285252101,0.620092362156837,0.6250000000000001,0.9999999999999999
19.5,0.9982532133839985,0.9965094780314789,-0.015185662688671882,0.6228184237696744,0.6250000000000001,1.0
19.75,0.9995638192573785,0.9991278287683972,-0.003789444294065506,0.6244548929802484,0.6250000000000001,1.0
20.0,1.0,1.0,0.0,0.6250000000000001,0.6250000000000001,1.0
20.25,0.9995652022998485,0.999130593648737,-0.0037774261060151172,0.6244566210304607,0.6250000000000001,1.0
20.5,0.9982642690770612,0.9965315509159594,-0.015089466656671602,0.6228322193224747,0.6250000000000001,1.0000000000000002
20.75,0.9961034165105865,0.992222016384063,-0.03391140645904285,0.6201387602400394,0.6250000000000001,0.9999999999999999
21.0,0.9930902084054056,0.986228162030692,-0.060226002231505094,0.6163926012691826,0.6250000000000001,0.9999999999999999
21.25,0.9892335279978162,0.9785829729150062,-0.09402345119498565,0.611614358071879,0.6250000000000001,1.0
21.5,0.984543547301469,0.9693259965329599,-0.13530139682568257,0.6058287478331,0.6250000000000001,0.9999999999999999
21.75,0.9790316941016726,0.958503058055591,-0.1840649718910075,0.5990644112847444,0.6250000000000001,1.0
22.0,0.9727106167099037,0.9461659438601611,-0.24032687929585472,0.5913537149126007,0.6250000000000001,1.0
22.25,0.9655941465945088,0.9323720559375778,-0.30410751168163,0.5827325349609862,0.6250000000000001,1.0
22.5,0.9576972590072172,0.9171840399099369,-0.3754351111539993,0.5732400249437107,0.6250000000000001,0.9999999999999999
22.75,0.9490360317283228,0.9006693895186422,-0.4543459709752867,0.5629183684491516,0.6250000000000001,1.0
23.0,0.9396276020562266,0.8829000305459346,-0.5408846815532102,0.5518125190912092,0.6250000000000001,1.0
23.25,0.9294901221694591,0.8639518872105961,-0.6351044235994063,0.5399699295066226,0.6250000000000001,1.0000000000000002
23.5,0.918642712991318,0.843904434132049,-0.737067311930822,0.5274402713325307,0.6250000000000001,1.0
23.75,0.9071054166888822,0.8228402369863107,-0.8468447940577896,0.5142751481164443,0.6250000000000001,1.0
24.0,0.8948991479393685,0.8008444849826079,-0.9645181084606286,0.50052780311413,0.6250000000000001,1.0
24.25,0.8820456440976261,0.7780045182715961,-1.090178808320026,0.48625282391974767,0.6250000000000001,1.0
24.5,0.8685674143989838,0.754409353355736,-1.223929357458052,0.47150584584733507,0.6250000000000001,1.0000000000000002
24.75,0.8544876883317147,0.7301492095104777,-1.3658838063925356,0.45634325594404856,0.6250000000000001,1.0000000000000002
25.0,0.8398303633130434,0.7053150391425185,-1.5161685577403639,0.44082189946407413,0.6250000000000001,1.0
25.25,0.8246199518019172,0.6799980649097962,-1.6749232317640084,0.4249987905686227,0.6250000000000001,1.0
25.5,0.8088815279807082,0.6542893263084053,-1.8423016446882592,0.4089308289427534,0.6250000000000001,1.0
25.75,0.7926406741365992,0.6282792382957225,-2.0184729145799176,0.39267452393482655,0.6250000000000001,0.9999999999999999
26.0,0.7759234268716582,0.6020571643682574,-2.203622712155048,0.37628572773016095,0.6250000000000001,1.0000000000000002
26.25,0.7587562232685439,0.5757110063487444,-2.397954676947119,0.3598193789679653,0.6250000000000001,0.9999999999999999
26.5,0.7411658471364074,0.5493268129614285,-2.6016920229487184,0.3433292581008929,0.6250000000000001,1.0
26.75,0.7231793754588649,0.5229884090890738,-2.8150793622725248,0.3268677556806713,0.6250000000000001,1.0000000000000002
27.0,0.7048241251629833,0.49677704741176476,-3.038384780744158,0.31048565463235306,0.6250000000000001,1.0
27.25,0.6861276003249763,0.47077108392771044,-3.2719022058710383,0.2942319274548191,0.6250000000000001,1.0000000000000002
27.5,0.667117439924845,0.4450456786518791,-3.515954115621016,0.27815354915742446,0.6250000000000001,1.0
27.75,0.6478213662584907,0.4196725225810176,-3.7708946462717923,0.26229532661313604,0.6250000000000001,1.0
28.0,0.6282671341118921,0.39471959180517013,-4.037113169748647,0.2466997448782314,0.6250000000000001,1.0
28.25,0.6084824807978271,0.370250929437878,-4.315038425995019,0.23140683089867375,0.6250000000000001,1.0000000000000002
28.5,0.5884950771512895,0.3463264558313021,-4.605143314863689,0.21645403489456386,0.6250000000000001,1.0
28.75,0.5683324795752929,0.3230018073402007,-4.907950475893922,0.20187612958762546,0.6250000000000001,1.0
29.0,0.5480220832241129,0.3003282037012966,-5.224038814650598,0.18770512731331038,0.6250000000000001,1.0
29.25,0.5275910764062687,0.27835234390352526,-5.554051173062748,0.17397021493970333,0.6250000000000001,0.9999999999999998
29.5,0.5070663962846641,0.257116330241116,-5.898703391160715,0.16069770640069753,0.6250000000000001,0.9999999999999998
29.75,0.4864746859463566,0.23665762006660632,-6.258795072551468,0.14791101254162897,0.6250000000000001,1.0
30.0,0.4658422529093396,0.21700900459564915,-6.635222451142968,0.13563062787228072,0.6250000000000001,1.0
30.25,0.44519502912865266,0.19819861396086189,-7.02899386940825,0.1238741337255387,0.6250000000000001,1.0
30.5,0.42455853255894604,0.18024994756860566,-7.4412485293679165,0.11265621723037852,0.6250000000000001,1.0
30.75,0.403957830325439,0.16318192868123618,-7.873279381592165,0.10198870542577264,0.6250000000000001,1.0
31.0,0.38341750355003584,0.14700898202854173,-8.326561296990235,0.0918806137678386,0.6250000000000001,1.0
31.25,0.3629616138741333,0.13174113314611544,-8.802786053776636,0.08233820821632215,0.6250000000000001,0.9999999999999999
31.5,0.3426136717144905,0.11738412804568465,-9.303906217270454,0.07336508002855291,0.6250000000000001,1.0
31.75,0.32239660628337713,0.10393957174303889,-9.832190769110639,0.06496223233939931,0.6250000000000001,1.0
32.0,0.30233273739912625,0.09140508410324903,-10.390296474108176,0.05712817756453065,0.6250000000000001,1.0
32.25,0.2824437491081447,0.07977447141026459,-10.981360647824097,0.04985904463141537,0.6250000000000001,1.0000000000000002
32.5,0.2627506651345157,0.06903791202863042,-11.609123518258206,0.04314869501789402,0.6250000000000001,0.9999999999999998
32.75,0.24327382616839743,0.05918215449861165,-12.278092286004199,0.03698884656163229,0.6250000000000001,1.0
33.0,0.22403286899967734,0.05019072639222659,-12.993765188855289,0.03136920399514162,0.6250000000000001,1.0
33.25,0.205046707498644,0.04204415225603447,-13.76294399855171,0.02627759516002155,0.6250000000000001,1.0000000000000002
33.5,0.18633351544089938,0.03472017897656389,-14.594180447762557,0.02170011186035243,0.6250000000000001,1.0
33.75,0.16791071116931022,0.02819400692538352,-15.498431979162577,0.017621254328364703,0.6250000000000001,1.0
34.0,0.14979494408150607,0.022438525272381528,-16.490056896223482,0.014024078295238458,0.6250000000000001,1.0
34.25,0.13200208292731097,0.017424549897148683,-17.588384315776906,0.010890343685717927,0.6250000000000001,1.0
34.5,0.11454720589649604,0.013121062378694258,-18.820309998288405,0.008200663986683912,0.6250000000000001,1.0
34.75,0.09744459247345638,0.009495448602317992,-20.224845126637682,0.005934655376448747,0.6250000000000001,0.9999999999999999
35.0,0.08070771703172631,0.006513735588473206,-21.861698746931136,0.004071084742795755,0.6250000000000001,0.9999999999999998
35.25,0.06434924413781394,0.004140825221107982,-23.82913100120725,0.0025880157631924887,0.6250000000000001,1.0
35.5,0.04838102553052262,0.0023407236313850817,-26.306498603101392,0.0014629522696156764,0.6250000000000001,1.0000000000000002
35.75,0.03281409873881842,0.0010767650760409248,-29.67879038863671,0.0006729781725255782,0.6250000000000001,1.0
36.0,0.017658687298391332,0.0003118292371023674,-35.06083167797122,0.00019489327318897965,0.6250000000000001,0.9999999999999998
36.25,0.0029242025243216563,8.550960403249148e-06,-50.67985104639382,5.344350252030717e-06,0.6250000000000001,0.9999999999999999
36.5,0.01138075320528012,0.00012952154351949372,-38.87657988698749,8.095096469968358e-05,0.6250000000000001,0.9999999999999999
36.75,0.025248381702126288,0.0006374807785762656,-31.955329056141835,0.000398425486610166,0.6250000000000001,1.0
37.0,0.03867168280672725,0.0014954990511041241,-28.252138581929263,0.0009346869069400777,0.6250000000000001,1.0
37.25,0.05164444686505808,0.002667148891997807,-25.739527394026894,0.0016669680574986298,0.6250000000000001,1.0
37.5,0.06416124589627044,0.0041166654749616805,-23.854544228448624,0.0025729159218510506,0.6250000000000001,1.0
37.75,0.0762174235063448,0.005809095645945522,-22.358914728671362,0.0036306847787159514,0.6250000000000001,1.0
38.0,0.08780908360398125,0.0077104351633709685,-21.129211104422293,0.004819021977106855,0.6250000000000001,0.9999999999999997
38.25,0.09893307797619415,0.009787753917843712,-20.093169581459573,0.00611734619865232,0.6250000000000001,0.9999999999999999
38.5,0.10958699278209386,0.01200930898702269,-19.20481981086414,0.007505818116889182,0.6250000000000001,0.9999999999999999
38.75,0.11976913402414154,0.014344645464892778,-18.4331018109128,0.008965403415557986,0.6250000000000001,0.9999999999999999
39.0,0.12947851205681735,0.016764685084447395,-17.756046001457662,0.010477928177779624,0.6250000000000001,1.0
39.25,0.13871482519308762,0.019241802728348856,-17.15754242157966,0.012026126705218037,0.6250000000000001,1.0000000000000002
39.5,0.14747844246935832,0.02174989099318783,-16.62542915315121,0.013593681870742396,0.6250000000000001,1.0
39.75,0.1557703856297271,0.024264413039233886,-16.150302098877436,0.015165258149521181,0.6250000000000001,1.0
40.0,0.16359231039030087,0.02676244401883654,-15.724742281453636,0.01672652751177284,0.6250000000000001,0.9999999999999998
40.25,0.170946487044162,0.02922270143273984,-15.34279639082672,0.018264188395462403,0.6250000000000001,1.0
40.5,0.1778357804672158,0.03162556481438377,-14.999617094973987,0.01976597800898986,0.6250000000000001,1.0
40.75,0.1842636295846749,0.03395308518771828,-14.69120756902627,0.021220678242323928,0.6250000000000001,1.0000000000000002
41.0,0.19023402635730108,0.03618898478411032,-14.41423600059613,0.022618115490068952,0.6250000000000001,1.0
41.25,0.1957514943457767,0.03831864753860465,-14.165898278003421,0.02394915471162791,0.6250000000000001,1.0
41.5,0.20082106691069554,0.04032910091515005,-13.94381459915058,0.025205688071968785,0.6250000000000001,1.0
41.75,0.20544826510466535,0.04220898963451685,-13.745950435197397,0.026380618521573043,0.6250000000000001,1.0
42.0,0.20963907531190445,0.043948541897630346,-13.570555291526173,0.027467838686018972,0.6250000000000001,1.0
42.25,0.21339992668950283,0.045539528711085187,-13.416114682143805,0.028462205444428245,0.6250000000000001,1.0
42.5,0.21673766846321058,0.046975216930868584,-13.281312056572048,0.029359510581792866,0.6250000000000001,1.0
42.75,0.2196595471292118,0.048250316645010415,-13.164998322325303,0.030156447903131517,0.6250000000000001,1.0
43.0,0.2221731836118676,0.04936092351623264,-13.0661672348349,0.030850577197645404,0.6250000000000001,1.0
43.25,0.22428655042584544,0.050304456701925314,-12.983935371048522,0.03144028543870332,0.6250000000000001,0.9999999999999999
43.5,0.2260079488894361,0.05107959296120996,-12.91752572164393,0.03192474560075623,0.6250000000000001,1.0
43.75,0.22734598643416215,0.05168619754772224,-12.866254168511713,0.032303873467326404,0.6250000000000001,1.0000000000000002
44.0,0.22830955405404385,0.05212525247235637,-12.829518284769744,0.032578282795222735,0.6250000000000001,1.0
44.25,0.22890780393610272,0.05239878270284924,-12.806788021684905,0.03274923918928078,0.6250000000000001,1.0
44.5,0.2291501273118402,0.052509780847032575,-12.79759794265277,0.03281861302939536,0.6250000000000001,1.0
44.75,0.22904613256757678,0.05246213084416396,-12.801540737329267,0.03278883177760248,0.6250000000000001,1.0000000000000002
45.0,0.22860562364963005,0.0522605311642363,-12.818261805152279,0.03266283197764769,0.6250000000000001,1.0
45.25,0.22783857879840697,0.0519104179888779,-12.847454741160975,0.032444011243048694,0.6250000000000001,1.0
45.5,0.22675512964353886,0.051417888819658114,-12.888857591360912,0.032136180512286325,0.6250000000000001,1.0000000000000002
45.75,0.22536554069026504,0.050789626930615506,-12.94224977220036,0.0317435168316347,0.6250000000000001,1.0000000000000002
46.0,0.22368018922530508,0.05003282705186829,-13.007449570738407,0.03127051690741769,0.6250000000000001,1.0000000000000002
46.25,0.2217095456685324,0.049155122640547055,-13.084312160089697,0.030721951650341913,0.6250000000000001,1.0
46.5,0.2194641543948105,0.048164515064229224,-13.172728079718066,0.030102821915143272,0.6250000000000001,1.0000000000000002
46.75,0.2169546150484384,0.047069304990816095,-13.272622142891489,0.029418315619260067,0.6250000000000001,1.0000000000000002
47.0,0.2141915643707314,0.045878026247581166,-13.383952744722254,0.028673766404738236,0.6250000000000001,0.9999999999999999
47.25,0.21118565855938012,0.04459938238115908,-13.506711554204088,0.02787461398822443,0.6250000000000001,1.0
47.5,0.20794755617636534,0.04324218611972262,-13.640923582956738,0.027026366324826644,0.6250000000000001,0.9999999999999999
47.75,0.20448790161937414,0.041815301908694834,-13.786647632387066,0.026134563692934275,0.6250000000000001,1.0
48.0,0.20081730916984947,0.04032759166221891,-13.943977130045146,0.02520474478888682,0.6250000000000001,1.0000000000000002
48.25,0.19694634762906243,0.038787863844427506,-14.11304137546714,0.024242414902767195,0.6250000000000001,1.0000000000000002
48.5,0.19288552555184288,0.037204825967410635,-14.294007226160126,0.02325301622963165,0.6250000000000001,1.0
48.75,0.18864527708594853,0.035587040566834295,-14.48708126605133,0.02224190035427144,0.6250000000000001,1.0
49.0,0.18423594842340113,0.033942884691470124,-14.692512512242919,0.02121430293216883,0.6250000000000001,1.0
49.25,0.1796677848685272,0.03228051291956337,-14.910595731951261,0.020175320574727106,0.6250000000000001,0.9999999999999999
49.5,0.17495091852592148,0.030607823893063615,-15.141675460913063,0.01912988993316476,0.6250000000000001,1.0
49.75,0.1700953566100411,0.028932430340297053,-15.386150838408412,0.01808276896268566,0.6250000000000001,1.0000000000000002
50.0,0.1651109703767315,0.027261632538745906,-15.644481403817775,0.017038520336716195,0.6250000000000001,0.9999999999999997
50.25,0.16000748467559744,0.025602395152211552,-15.917194037221005,0.01600149697013222,0.6250000000000001,1.0
50.5,0.15479446812081768,0.02396132736080684,-16.204891274552352,0.01497582960050428,0.6250000000000001,1.0
50.75,0.14948132387674098,0.022344666187943136,-16.508261289793293,0.013965416367464461,0.6250000000000001,1.0000000000000002
51.0,0.14407728105341366,0.02075826291574435,-16.828089917518504,0.01297391432234022,0.6250000000000001,0.9999999999999998
51.25,0.13859138670603743,0.01920757246910241,-17.165275195678586,0.012004732793189008,0.6250000000000001,1.0
51.5,0.1330324984312763,0.01769764563886753,-17.520845050538508,0.011061028524292207,0.6250000000000001,1.0
51.75,0.1274092775523344,0.01623312400640778,-17.8959789371744,0.010145702504004863,0.6250000000000001,0.9999999999999999
52.0,0.12173018288373705,0.014818237424908069,-18.292034510233496,0.009261398390567544,0.6250000000000001,1.0
52.25,0.1160034650658901,0.013456803907293185,-18.71058076088923,0.008410502442058241,0.6250000000000001,1.0000000000000002
52.5,0.11023716145861995,0.012152231766453843,-19.153439562344616,0.007595144854033653,0.6250000000000001,1.0
52.75,0.10443909158215675,0.010907523850506124,-19.62273828707232,0.00681720240656633,0.6250000000000001,1.0
53.0,0.09861685309327928,0.009725283714021427,-20.12097720219565,0.0060783023212633925,0.6250000000000001,1.0000000000000002
53.25,0.09277781828370621,0.00860772356548441,-20.651116886935384,0.005379827228427757,0.6250000000000001,1.0
53.5,0.08692913108721084,0.007556673831577486,-21.21669322813733,0.0047229211447359296,0.6250000000000001,1.0000000000000002
53.75,0.08107770458138841,0.006573594180186891,-21.82197110529053,0.004108496362616808,0.6250000000000001,1.0
54.0,0.07523021896954761,0.005659585846206081,-22.472153481912716,0.0035372411538788008,0.6250000000000001,1.0
54.25,0.06939312002773337,0.004815405107183411,-23.17367170966524,0.0030096281919896324,0.6250000000000001,0.9999999999999998
54.5,0.06357261800154032,0.004041477759569768,-23.93459806800529,0.0025259235997311057,0.6250000000000001,1.0
54.75,0.057774686937037384,0.003337914450672678,-24.765247982969456,0.002086196531670424,0.6250000000000001,1.0000000000000002
55.0,0.05200506442986408,0.002704526726354314,-25.6790872246712,0.0016903292039714463,0.6250000000000001,1.0000000000000002
55.25,0.046269251776316564,0.0021408436599401736,-26.694150469065953,0.0013380272874626087,0.6250000000000001,1.0
55.5,0.04057251451008677,0.0016461289336712013,-27.835361515119903,0.001028830583544501,0.6250000000000001,0.9999999999999998
55.75,0.03491988330817375,0.0012193982502564716,-29.138544324931246,0.000762123906410295,0.6250000000000001,1.0
56.0,0.02931615524940595,0.0008594369586072721,-30.65785974163785,0.0005371480991295451,0.6250000000000001,0.9999999999999999
56.25,0.02376589540896837,0.0005648177845900237,-32.48091636978015,0.0003530111153687649,0.6250000000000001,1.0
56.5,0.01827343877232389,0.00033391856456586996,-34.763594352002244,0.00020869910285366874,0.6250000000000001,1.0000000000000002
56.75,0.012842892451963753,0.00016493988653270753,-37.82674308537505,0.00010308742908294222,0.6250000000000001,0.9999999999999999
57.0,0.007478138190470565,5.592255079577438e-05,-42.52413027332763,3.4951594247358994e-05,0.6250000000000001,1.0000000000000002
57.25,0.002182835133525421,4.764769220152942e-06,-53.219581294099754,2.9779807625955895e-06,0.6250000000000001,0.9999999999999998
57.5,0.003039577143419195,9.239029210796392e-06,-50.34373659791111,5.774393256747746e-06,0.6250000000000001,1.0000000000000002
57.75,0.008185875370858034,6.700855558722016e-05,-41.73869743461799,4.188034724201261e-05,0.6250000000000001,1.0
58.0,0.013253049099235178,0.00017564331042673836,-37.553683861513626,0.00010977706901671151,0.6250000000000001,1.0
58.25,0.01823829700687002,0.0003326354777108039,-34.78031432349409,0.00020789717356925247,0.6250000000000001,1.0
58.5,0.023139023017214017,0.00053541438619116,-32.71309963818682,0.00033463399136947504,0.6250000000000001,1.0
58.75,0.027952832240536102,0.0007813608302675545,-31.07148363811309,0.0004883505189172216,0.6250000000000001,1.0
59.0,0.032677526754870484,0.0010678207548152764,-29.715016421837205,0.0006673879717595478,0.6250000000000001,1.0
59.25,0.03731110124071289,0.0013921182757947272,-28.563238650538658,0.0008700739223717047,0.6250000000000001,1.0
59.5,0.041851738483622614,0.001751568014101538,-27.565729941867154,0.0010947300088134616,0.6250000000000001,0.9999999999999998
59.75,0.046297804758536995,0.002143486725459611,-26.68879201715976,0.001339679203412257,0.6250000000000001,1.0000000000000002
60.0,0.050647845109217215,0.002565204214207258,-25.908780552800383,0.0016032526338795366,0.6250000000000001,1.0
60.25,0.05490057853588837,0.0030140735235752465,-25.20846157962474,0.0018837959522345292,0.6250000000000001,1.0
60.5,0.059054893103705874,0.0034874803994901274,-24.574882245548192,0.00217967524968133,0.6250000000000001,1.0
60.75,0.06310984098430754,0.0039828520290645835,-23.998058282013844,0.0024892825181653654,0.6250000000000001,0.9999999999999998
61.0,0.06706463344227387,0.0044976650587465585,-23.47012889619444,0.0028110406617165994,0.6250000000000001,1.0
61.25,0.07091863577790322,0.005029452900598895,-22.984792545412027,0.00314340806287431,0.6250000000000001,1.0
61.5,0.07467136223728403,0.005575812338371688,-22.536918514418133,0.0034848827114823057,0.6250000000000001,1.0000000000000002
61.75,0.0783224709002138,0.006134409447914837,-22.12227239922578,0.0038340059049467735,0.6250000000000001,1.0
62.0,0.0818717585560679,0.006702984849063078,-21.737317622526614,0.004189365530664424,0.6250000000000001,1.0
62.25,0.08531915557729844,0.007279358308423255,-21.37906903021272,0.004549598942764536,0.6250000000000001,0.9999999999999998
62.5,0.08866472079979615,0.007861432714505803,-21.044982983242026,0.004913395446566128,0.6250000000000001,1.0
62.75,0.0919086364189077,0.008447197448382968,-20.732873543149296,0.005279498405239356,0.6250000000000001,1.0
63.0,0.09505120290947583,0.009034731174538346,-20.440847652006138,0.005646706984086467,0.6250000000000001,1.0000000000000002
63.25,0.09809283397781501,0.009622204077799179,-20.16725436362765,0.006013877548624489,0.6250000000000001,1.0
63.5,0.10103405155312584,0.01020787957323969,-19.910644621521037,0.006379924733274807,0.6250000000000001,1.0
63.75,0.10387548082540415,0.010790115516708906,-19.669739058267556,0.0067438221979430665,0.6250000000000001,1.0
64.0,0.10661784533649585,0.01136736494419695,-19.44340196950296,0.007104603090123094,0.6250000000000001,0.9999999999999999
64.25,0.10926196213051603,0.01193817636861032,-19.230620093488138,0.007461360230381451,0.6250000000000001,1.0
64.5,0.11180873696945265,0.012501193662704248,-19.030485168819084,0.007813246039190156,0.6250000000000001,0.9999999999999999
64.75,0.11425915961936453,0.013055155556923423,-18.842179490336083,0.00815947222307714,0.6250000000000001,1.0
65.0,0.11661429921219077,0.013598894780750357,-18.66496386491985,0.008499309237968974,0.6250000000000001,1.0
65.25,0.1188752996878033,0.014131336875865048,-18.498167503703385,0.008832085547415656,0.6250000000000001,1.0000000000000002
65.5,0.12104337532055345,0.014651498708992369,-18.3411794884197,0.009157186693120233,0.6250000000000001,1.0000000000000002
65.75,0.12311980633418929,0.015158486711768277,-18.193441526309183,0.009474054194855175,0.6250000000000001,0.9999999999999999
66.0,0.12510593460867817,0.015651494874310858,-18.054441766696055,0.009782184296444287,0.6250000000000001,1.0
66.25,0.1270031594820958,0.016129802518434662,-17.92370949764115,0.010081126574021666,0.6250000000000001,1.0
66.5,0.1288129336504237,0.01659277187562846,-17.800810576324096,0.010370482422267789,0.6250000000000001,1.0000000000000002
66.75,0.130536759167758,0.017039845494021252,-17.685343474448,0.010649903433763284,0.6250000000000001,1.0
67.0,0.13217618354912133,0.017470543497611013,-17.57693584178955,0.010919089686006885,0.6250000000000001,1.0
67.25,0.13373279597775112,0.017884460720026807,-17.475241508377735,0.011177787950016756,0.6250000000000001,1.0
67.5,0.13520822361846266,0.018281263734060204,-17.379937859676772,0.01142578983378763,0.6250000000000001,1.0000000000000002
67.75,0.1366041280383788,0.018660687797125788,-17.29072353033707,0.011662929873203618,0.6250000000000001,1.0
68.0,0.13792220173605943,0.019022533731722274,-17.20731637113711,0.011889083582326423,0.6250000000000001,1.0000000000000002
68.25,0.13916416477980148,0.019366664758859738,-17.129451651116067,0.012104165474287339,0.6250000000000001,1.0
68.5,0.1403317615556212,0.019693003301303722,-17.056880462935457,0.01230812706331483,0.6250000000000001,0.9999999999999998
68.75,0.14142675762520396,0.020001527772378187,-16.98936830447384,0.012500954857736368,0.6250000000000001,0.9999999999999998
69.0,0.1424509366938711,0.02029226936496127,-16.926693813763237,0.012682668353100796,0.6250000000000001,0.9999999999999998
69.25,0.14340609768840037,0.020565308854215033,-16.868647637782406,0.012853318033884398,0.6250000000000001,1.0
69.5,0.14429405194433342,0.02082077342651399,-16.815031418462134,0.013012983391571246,0.6250000000000001,0.9999999999999998
69.75,0.145116620502204,0.021058833545980694,-16.76565688163526,0.013161770966237935,0.6250000000000001,1.0
70.0,0.1458756315119489,0.0212796998690099,-16.720345016660893,0.013299812418131189,0.6250000000000001,1.0
70.25,0.14657291774457937,0.021483620216159228,-16.67892533613808,0.013427262635099519,0.6250000000000001,1.0
70.5,0.14721031421003508,0.021670876609817258,-16.641235206549712,0.013544297881135784,0.6250000000000001,1.0000000000000002
70.75,0.14778965587999843,0.021841782385128353,-16.607119241888732,0.013651113990705222,0.6250000000000001,1.0000000000000002
71.0,0.14831277551428815,0.02199667938075163,-16.57642875335172,0.01374792461296977,0.6250000000000001,0.9999999999999998
71.25,0.1487815015893431,0.022135935215179706,-16.54902124906639,0.013834959509487321,0.6250000000000001,0.9999999999999998
71.5,0.14919765632716245,0.022259940653518075,-16.524759978577336,0.0139124629084488,0.6250000000000001,1.0
71.75,0.14956305382298046,0.02236910706885575,-16.503513517464,0.013980691918034846,0.6250000000000001,1.0
72.0,0.1498794982698296,0.022463864001615853,-16.48515538802718,0.014039915001009911,0.6250000000000001,1.0000000000000002
72.25,0.15014878227806572,0.022544656819585982,-16.46956371246498,0.014090410512241242,0.6250000000000001,1.0
72.5,0.1503726852878432,0.022611944480676733,-16.456620895379995,0.014132465300422961,0.6250000000000001,1.0
72.75,0.15055297207244026,0.022666197399844976,-16.446213332825817,0.014166373374903111,0.6250000000000001,1.0
73.0,0.15069139133028261,0.022707895421056376,-16.438231145418655,0.014192434638160237,0.6250000000000001,1.0000000000000002
73.25,0.15078967436343976,0.022737525894632203,-16.432567933318914,0.01421095368414513,0.6250000000000001,0.9999999999999998
73.5,0.1508495338403169,0.022755581859840914,-16.42912055113098,0.014222238662400572,0.6250000000000001,1.0000000000000002
73.75,0.15087266264022753,0.022762560332151908,-16.427788900982456,0.014226600207594945,0.6250000000000001,1.0
74.0,0.15086073277748252,0.02275896069415899,-16.428475742232568,0.014224350433849372,0.6250000000000001,1.0
74.25,0.1508153944026049,0.022745283188813272,-16.431086516424095,0.014215801993008297,0.6250000000000001,1.0
74.5,0.1507382748782476,0.02272202751327013,-16.43552918623945,0.014201267195793833,0.6250000000000001,1.0
74.75,0.1506309779273796,0.022689691511358717,-16.44171408734958,0.0141810571945992,0.6250000000000001,1.0
75.0,0.15049508285128316,0.02264876996241458,-16.449553792158987,0.014155481226509115,0.6250000000000001,0.9999999999999998
75.25,0.1503321438149001,0.022599753463983803,-16.458962984550514,0.014124845914989881,0.6250000000000001,1.0
75.5,0.15014368919705842,0.022543127405702877,-16.469858344823454,0.014089454628564303,0.6250000000000001,0.9999999999999998
75.75,0.1499312210031139,0.022479371031484584,-16.482158444097802,0.014049606894677864,0.6250000000000001,1.0
76.0,0.1496962143375431,0.022408956586991644,-16.495783647528253,0.014005597866869779,0.6250000000000001,0.9999999999999998
76.25,0.14944011693404075,0.02233234854925977,-16.51065602573403,0.01395771784328736,0.6250000000000001,1.0
76.5,0.14916434874068016,0.02225000293523125,-16.526699273907056,0.013906251834519535,0.6250000000000001,1.0000000000000002
76.75,0.14887030155771244,0.02216236668588424,-16.543838638110582,0.01385147917867765,0.6250000000000001,0.9999999999999998
77.0,0.148559338725618,0.022069877122592903,-16.562000848323827,0.013793673201620567,0.6250000000000001,1.0
77.25,0.1482327948610202,0.0219729614723093,-16.581114057829083,0.013733100920193314,0.6250000000000001,1.0000000000000002
77.5,0.14789197563812537,0.021872036458147868,-16.601107788571213,0.013670022786342419,0.6250000000000001,0.9999999999999998
77.75,0.1475381576133661,0.02176750795194646,-16.621912882151467,0.01360469246996654,0.6250000000000001,1.0
78.0,0.14717258809096473,0.021659770685392772,-16.643461456144713,0.013537356678370487,0.6250000000000001,1.0
78.25,0.14679648502717133,0.021549208016332536,-16.665686865453388,0.013468255010207835,0.6250000000000001,1.0
78.5,0.14641103697095914,0.021436191746911564,-16.68852366843337,0.01339761984181973,0.6250000000000001,0.9999999999999998
78.75,0.14601740303901045,0.02132108199025682,-16.71190759754535,0.013325676243910513,0.6250000000000001,1.0
79.0,0.1456167129228582,0.021204227082458095,-16.735775534302174,0.01325264192653631,0.6250000000000001,1.0
79.25,0.14521006692610056,0.021085963536682604,-16.76006548829656,0.013178727210426629,0.6250000000000001,1.0
79.5,0.1447985360296357,0.020966616036325703,-16.784716580106853,0.013104135022703564,0.6250000000000001,1.0
79.75,0.14438316198293155,0.02084649746418945,-16.809669027887825,0.013029060915118408,0.6250000000000001,1.0
80.0,0.14396495741936638,0.020725908964759975,-16.834864137464212,0.012953693102974985,0.6250000000000001,0.9999999999999998
80.25,0.14354490599374245,0.020605140036752356,-16.860244295751052,0.012878212522970224,0.6250000000000001,1.0000000000000002
80.5,0.14312396254011947,0.020484468653185522,-16.88575296733164,0.012802792908240952,0.6250000000000001,1.0
80.75,0.14270305324815327,0.02036416140634527,-16.911334694029524,0.012727600878965795,0.6250000000000001,1.0
81.0,0.14228307585619268,0.02024447367509908,-16.936935097314038,0.012652796046936926,0.6250000000000001,1.0000000000000002
81.25,0.14186489985941914,0.02012564981212302,-16.962500883383154,0.01257853113257689,0.6250000000000001,0.9999999999999998
81.5,0.14144936673137587,0.02000792334870726,-16.98797985076896,0.012504952092942041,0.6250000000000001,1.0
81.75,0.14103729015728556,0.019891517214910358,-17.01332090031247,0.012432198259318974,0.6250000000000001,1.0000000000000002
82.0,0.14062945627758866,0.01977664397293022,-17.03847404735664,0.01236040248308139,0.6250000000000001,1.0
82.25,0.14022662394021373,0.019663506061670125,-17.063390436004862,0.01228969128854383,0.6250000000000001,1.0
82.5,0.1398295249601102,0.01955229605057008,-17.088022355294203,0.0122201850316063,0.6250000000000001,1.0000000000000002
82.75,0.13943886438465358,0.019443196900881813,-17.112323257130345,0.012151998063051134,0.6250000000000001,1.0
83.0,0.1390553207635583,0.01933638223265609,-17.136247775832043,0.01208523889541006,0.6250000000000001,0.9999999999999998
83.25,0.13867954642200386,0.019232016595812723,-17.15975174913067,0.012020010372382954,0.6250000000000001,1.0
83.5,0.1383121677357173,0.0191302557437532,-17.182792240470178,0.011956409839845751,0.6250000000000001,1.0000000000000002
83.75,0.13795378540680323,0.019031246908066315,-17.205327562451835,0.011894529317541447,0.6250000000000001,0.9999999999999998
84.0,0.13760497473917735,0.018935129072969636,-17.227317301266027,0.011834455670606026,0.6250000000000001,1.0
84.25,0.13726628591248696,0.018842033248208618,-17.248722341953854,0.011776270780130388,0.6250000000000001,1.0
84.5,0.13693824425346024,0.018752082739220337,-17.26950489433998,0.011720051712012711,0.6250000000000001,1.0
84.75,0.13662135050367988,0.01866539341344935,-17.289628519477194,0.011665870883405847,0.6250000000000001,1.0
85.0,0.13631608108281015,0.01858207396177527,-17.309058156444074,0.011613796226109547,0.6250000000000001,1.0
85.25,0.13602288834636256,0.018502226154087014,-17.32776014933671,0.011563891346304384,0.6250000000000001,1.0
85.5,0.1357422008371254,0.01842594508810649,-17.345702274296578,0.011516215680066557,0.6250000000000001,1.0
85.75,0.13547442352943628,0.018353319430633078,-17.36285376641735,0.011470824644145677,0.6250000000000001,1.0
86.0,0.1352199380655058,0.018284431650439227,-17.37918534637625,0.01142776978152452,0.6250000000000001,1.0000000000000002
86.25,0.13497910298306262,0.018219358242112224,-17.394669246636788,0.011387098901320144,0.6250000000000001,1.0
86.5,0.13475225393362544,0.018158169940192273,-17.409279237073154,0.011348856212620172,0.6250000000000001,1.0
86.75,0.13453970389074316,0.01810093192300885,-17.422990649870904,0.011313082451880532,0.6250000000000001,1.0
87.0,0.1343417433476024,0.018047704005673074,-17.435780403561594,0.011279815003545673,0.6250000000000001,0.9999999999999998
87.25,0.13415864050343101,0.01799854082172884,-17.447627026055155,0.011249088013580526,0.6250000000000001,1.0
87.5,0.13399064143817505,0.01795349199301359,-17.458510676538715,0.011220932495633497,0.6250000000000001,1.0
87.75,0.13383797027495936,0.017912602287320906,-17.468413166117823,0.011195376429575568,0.6250000000000001,1.0
88.0,0.13370082932989608,0.017875911763502,-17.477317977081857,0.011172444852188752,0.6250000000000001,1.0
88.25,0.13357939924883167,0.01784345590367877,-17.485210280684274,0.011152159939799232,0.6250000000000001,1.0
88.5,0.13347383913066635,0.017815265732278998,-17.492076953336376,0.011134541082674376,0.6250000000000001,1.0
88.75,0.13338428663692822,0.01779136792164223,-17.497906591121502,0.011119604951026395,0.6250000000000001,0.9999999999999998
89.0,0.13331085808731447,0.017771784883976096,-17.50268952254685,0.011107365552485062,0.6250000000000001,1.0000000000000002
89.25,0.13325364854094335,0.017756534849473253,-17.506417819460328,0.011097834280920784,0.6250000000000001,1.0
89.5,0.13321273186312263,0.01774563193043621,-17.509085306069043,0.011091019956522633,0.6250000000000001,1.0
89.75,0.1331881607774554,0.01773908617128131,-17.51068756600806,0.011086928857050822,0.6250000000000001,1.0
90.0,0.13317996690315245,0.01773690358432478,-17.51122194741882,0.011085564740202992,0.6250000000000001,0.9999999999999998
